usuario,coeficiente_de_uso_dos_labs
-1168028110751775389,0.000831082484937
2441990193745022491,0.000831082484937
2862441311003161235,0.000831082484937
-2911114223190500809,0.000831082484937
2933926814318580147,0.000831082484937
2956638425525560475,0.000831082484937
4428460762099655883,0.000831082484937
4477622824507611451,0.000831082484937
-5734737182254170941,0.000831082484937
-5891995412240254797,0.000831082484937
6055680747249145103,0.000831082484937
6127608369814369187,0.000831082484937
-6698797551577455505,0.000831082484937
-6902006547887714413,0.000831082484937
-7118003154910120779,0.000831082484937
7601450653409176333,0.000831082484937
-7855717962119534629,0.000831082484937
8016006886981473887,0.000831082484937
8063918037889229311,0.000831082484937
8627399447655354071,0.000831082484937
-8908254896590706363,0.000831082484937
9008614618843689707,0.000831082484937
1248696463230223603,0.00166216496987
-1378666839320686073,0.00166216496987
2502813621533137413,0.00166216496987
3330500567843541381,0.00166216496987
3576359315900418235,0.00166216496987
-3721056414208451701,0.00166216496987
-5432203853161613581,0.00166216496987
5694048597982381743,0.00166216496987
6895593464595132155,0.00166216496987
7179930633276242913,0.00166216496987
-7373432334922113393,0.00166216496987
8093325790259488895,0.00166216496987
8163944793101132813,0.00166216496987
2394132952571877979,0.00249324745481
-294606321355462463,0.00249324745481
-3230265464913011829,0.00249324745481
3301212632913592963,0.00249324745481
-416026996487217821,0.00249324745481
5665676918875523835,0.00249324745481
6088233260205356715,0.00249324745481
-6588397525992475619,0.00249324745481
6864579437189097071,0.00249324745481
-6896377308382116801,0.00249324745481
-7418942605235128565,0.00249324745481
8842212669098742675,0.00249324745481
121050829274791469,0.00332432993975
2524994843259562215,0.00332432993975
3703570884874583279,0.00332432993975
3998866057262646513,0.00332432993975
-4126269817648155413,0.00332432993975
-427610527725718069,0.00332432993975
5318715601232976883,0.00332432993975
6227054643460979667,0.00332432993975
-6842943814754757033,0.00332432993975
-704918562620289393,0.00332432993975
-7539709553280653693,0.00332432993975
-7829812431020064117,0.00332432993975
8964840976494376387,0.00332432993975
-9041730522829089109,0.00332432993975
-1395406515136565963,0.00415541242468
158427783227799067,0.00415541242468
240000807766659605,0.00415541242468
2919232116237514775,0.00415541242468
-3030960205744487569,0.00415541242468
5909402666760745663,0.00415541242468
6715661089640782879,0.00415541242468
6974717529854987875,0.00415541242468
8562870097617253797,0.00415541242468
-8990235208219280937,0.00415541242468
959392290432640243,0.00415541242468
1630042624779031261,0.00498649490962
1917494261819078455,0.00498649490962
-308157769538112897,0.00498649490962
-3677228983915100781,0.00498649490962
3956324096171514999,0.00498649490962
5974283095436782007,0.00498649490962
6457181114263304179,0.00498649490962
-7007188145059600609,0.00498649490962
7266182164907594895,0.00498649490962
-7364286646679724821,0.00498649490962
8586907974121285699,0.00498649490962
-8729227500479573533,0.00498649490962
8861464408355897971,0.00498649490962
-1104094331771276211,0.00581757739456
-214007742538356585,0.00581757739456
2465409433329887095,0.00581757739456
-2701633343879549429,0.00581757739456
-3667735353296902383,0.00581757739456
-3810733138066843949,0.00581757739456
-4185384899794083949,0.00581757739456
-4870039041395880069,0.00581757739456
-4997030092896139993,0.00581757739456
-619013507486266157,0.00581757739456
-6233971026612172211,0.00581757739456
8792673973889141015,0.00581757739456
1159837808291596045,0.00664865987949
1262655033398698693,0.00664865987949
158695241988395591,0.00664865987949
-1595535769205392341,0.00664865987949
-3572558137332991799,0.00664865987949
4234691802142269843,0.00664865987949
4283965572170727007,0.00664865987949
4386111952243406849,0.00664865987949
-5046102150534497323,0.00664865987949
6360687596297067047,0.00664865987949
683006815226134933,0.00664865987949
720773431014201379,0.00664865987949
9201583517783811811,0.00664865987949
314883718884377737,0.00747974236443
-3597112831035805141,0.00747974236443
-3973109383179607313,0.00747974236443
8057910394287172445,0.00747974236443
8631271528281131989,0.00747974236443
8643183427176932947,0.00747974236443
4763924500800114931,0.00831082484937
500552511420478097,0.00831082484937
5973109147617799765,0.00831082484937
-6031397057958335695,0.00831082484937
7176582444175733839,0.00831082484937
7269135838590852787,0.00831082484937
-7632824208832262105,0.00831082484937
8211423739526754263,0.00831082484937
-8352675125989786489,0.00831082484937
8649180197371659141,0.00831082484937
1898061597555792311,0.0091419073343
-3915627645994149617,0.0091419073343
3967699193390800191,0.0091419073343
-603184390026793885,0.0091419073343
7431192024995630943,0.0091419073343
-5470861585323380729,0.00997298981924
-5649610249886018349,0.00997298981924
-712843696986177921,0.00997298981924
7612241455671501839,0.00997298981924
8076622465379222287,0.00997298981924
834008950125301685,0.00997298981924
4483075880996320991,0.0108040723042
-5863941897020335357,0.0108040723042
7383106855935615269,0.0108040723042
8435180978942662729,0.0108040723042
1026915864798872899,0.0116351547891
-2920755667912978559,0.0116351547891
-3280889916616564881,0.0116351547891
-6736531706058675445,0.0116351547891
-7766293243059482595,0.0116351547891
8208276969648375623,0.0116351547891
999577046431891539,0.0116351547891
2689103046989976117,0.012466237274
-2733479174175091847,0.013297319759
-2833277210957446173,0.013297319759
2184019687493872727,0.0141284022439
3085759503493955179,0.0141284022439
-4476211285312712383,0.0141284022439
-4652624632511766605,0.0141284022439
-5842232007421223585,0.0141284022439
606526444602572059,0.0141284022439
1245513129406643379,0.0149594847289
214067951051742885,0.0149594847289
4889483201933389467,0.0149594847289
-6170432977915720969,0.0149594847289
7826939908859130507,0.0149594847289
1386574965830629791,0.0157905672138
-2853334759471407501,0.0157905672138
4026072534229906167,0.0157905672138
7241737790154206577,0.0157905672138
1527867084029342755,0.0166216496987
1775708106303118827,0.0166216496987
-4565239032709708813,0.0166216496987
-5709209001994893005,0.0166216496987
8442753665858738309,0.0166216496987
-2104124642449612305,0.0174527321837
-2330914865692101309,0.0174527321837
-2988967541908484047,0.0174527321837
-3845841095666079657,0.0174527321837
-5775772942825106357,0.0174527321837
-7529699471842550069,0.0174527321837
955190433371850083,0.0174527321837
122198952939882511,0.0182838146686
2548894312276246951,0.0182838146686
3857320451806353999,0.0182838146686
4070638004537169051,0.0182838146686
552525288628940467,0.0182838146686
-5802348024832157815,0.0182838146686
-6727337298386027735,0.0182838146686
-826013795263252081,0.0182838146686
-4094809192181646077,0.0191148971535
-7293557252134203673,0.0191148971535
1218185135189179095,0.0199459796385
-1359021077196632477,0.0199459796385
-259445504561394529,0.0199459796385
4092784966677327815,0.0199459796385
-41251792979505333,0.0199459796385
4300379222316106003,0.0199459796385
4567595899581335789,0.0199459796385
-5654117883137399713,0.0199459796385
5816222555062218735,0.0199459796385
-6775888135498935363,0.0199459796385
-7049285805696175601,0.0199459796385
-7635491157852288501,0.0199459796385
-101725406610090033,0.0207770621234
1982723737762810739,0.0207770621234
-2793345916265259457,0.0207770621234
2946051705267593531,0.0207770621234
-4108726612914554071,0.0207770621234
-886730934363151833,0.0207770621234
556031424806302123,0.0216081446084
7905312003470530977,0.0216081446084
-1808538273326748253,0.0224392270933
2210643171776431987,0.0224392270933
5614216036358879235,0.0224392270933
6383977324302443653,0.0224392270933
-805463184709443235,0.0224392270933
9032916473238147843,0.0224392270933
-944349712153457293,0.0224392270933
-807484466011095973,0.0232703095782
-827725656263407417,0.0232703095782
-4205125873912112689,0.0241013920632
-7409348609385575541,0.0241013920632
8118674283489810651,0.0241013920632
3249140643858221905,0.0249324745481
-8558558315227552331,0.0249324745481
1126559537024283069,0.025763557033
4076738055835427913,0.025763557033
9029912879846317891,0.025763557033
3955147260009671387,0.026594639518
1256316233899222871,0.0274257220029
4195980293093749441,0.0274257220029
-8190085352119309425,0.0274257220029
-2376994620429681619,0.0282568044878
-5179735603279100601,0.0282568044878
691805462020087245,0.0282568044878
834709224006630153,0.0282568044878
-8553313281738718049,0.0282568044878
5369046814128094667,0.0290878869728
578887094549655137,0.0290878869728
-6688683529788123629,0.0290878869728
-70483894379065521,0.0290878869728
2263202104884295067,0.0299189694577
-4302317171771934437,0.0299189694577
5440754840783179543,0.0299189694577
6649995726553723435,0.0299189694577
-7409388818867357321,0.0299189694577
-7671843919612430651,0.0299189694577
7841762191988519751,0.0299189694577
-8662653554908654833,0.0299189694577
8793649838521861897,0.0299189694577
6350025326996559995,0.0307500519427
-7473200545536431835,0.0307500519427
7553651775159264611,0.0307500519427
8865538406911226051,0.0307500519427
-4473553744051848011,0.0315811344276
6136073594289190471,0.0315811344276
-7969930815058246815,0.0315811344276
-1630606498773712095,0.0332432993975
-2099656115902435777,0.0332432993975
2567305668508053705,0.0332432993975
3072418033593407015,0.0332432993975
190839935913363605,0.0340743818824
-3648443743614448385,0.0340743818824
-1247541124184707733,0.0349054643673
-217939416748847321,0.0349054643673
-371301605930231777,0.0349054643673
4539778809971865387,0.0349054643673
8107422367608631215,0.0349054643673
-6001179177779499675,0.0373987118221
-5627528762242252489,0.0382297943071
6509212396979278913,0.0382297943071
-8264270376642345145,0.0382297943071
-2224307847756671357,0.039060876792
410888622266359939,0.039060876792
4226106758816213183,0.039060876792
4282984482767019679,0.039060876792
-47674558746382645,0.039060876792
-6723294320717722485,0.039060876792
-4076455486724723837,0.039891959277
5069425391670231885,0.039891959277
765327230003643235,0.039891959277
-2276784132710952005,0.0407230417619
-3831804885712104141,0.0407230417619
5538436850846381883,0.0407230417619
6289849848981769427,0.0407230417619
-6945946032366071389,0.0407230417619
6613282773628289575,0.0415541242468
6709328176983557039,0.0415541242468
2762001121299063195,0.0423852067318
2758114694267490363,0.0432162892167
5911039185316103675,0.0432162892167
2053702923180361827,0.0440473717016
3158466633787356797,0.0440473717016
3893202793428597891,0.0440473717016
5224029339023471165,0.0440473717016
5754745034913788543,0.0440473717016
7651283259683974343,0.0440473717016
4100644726682807523,0.0448784541866
-5166293990976399649,0.0448784541866
-1986710561974727663,0.0457095366715
-2158327126256085937,0.0457095366715
3518700412897625351,0.0465406191565
-3661480852425349205,0.0465406191565
-157782170235269513,0.0473717016414
5388958483678401735,0.0473717016414
-3958509013294690241,0.0482027841263
5847158789366605099,0.0482027841263
6965096732507769963,0.0482027841263
7828343003185183899,0.0482027841263
8248459663649305479,0.0482027841263
-3991553665783615345,0.0490338666113
-4364895001963925015,0.0490338666113
4547784599483045769,0.0490338666113
-9030873168878854715,0.0490338666113
-5733527942671495035,0.0498649490962
-5712871287038111381,0.0506960315811
-1285433662741447357,0.0515271140661
-5925254110594315173,0.0515271140661
8406054323592926661,0.0515271140661
-7258716506085809707,0.052358196551
-2549972139320282509,0.0531892790359
4721165881103675239,0.0531892790359
7950592747141377923,0.0531892790359
-7685552689570365165,0.0540203615209
-8182210485095123513,0.0540203615209
3382539634577350789,0.0548514440058
-3801742258661810427,0.0548514440058
9199197128962906083,0.0548514440058
6688248109585392595,0.0556825264908
937166628854998291,0.0556825264908
1636612824317167911,0.0565136089757
322028577202628467,0.0565136089757
3816570370372564991,0.0565136089757
429573046308120739,0.0565136089757
-5260699872912260893,0.0565136089757
-5946260201032155747,0.0565136089757
-4894699376023434033,0.0573446914606
5848995141154661467,0.0590068564305
-7233943301148154909,0.0590068564305
918582609649736855,0.0590068564305
5065301603716080067,0.0598379389154
-2114857387751669803,0.0606690214004
-6703625449743630481,0.0606690214004
5740539266933135515,0.0615001038853
-5852075476909705435,0.0615001038853
7884335546426410931,0.0615001038853
-8369848531405777405,0.0615001038853
8457674765910844955,0.0615001038853
2812822008439372007,0.0623311863702
2910283550876550415,0.0623311863702
-503110051302714425,0.0623311863702
-874997968806561573,0.0623311863702
5055156452986669763,0.0631622688552
-1104495040666418577,0.0639933513401
358634102432691135,0.0639933513401
4180680718047330761,0.0639933513401
5883091402500716775,0.0648244338251
8113983619619645549,0.0648244338251
2331821422243083357,0.06565551631
8327154861809328173,0.06565551631
3063232168233181683,0.0664865987949
3270178369804231733,0.0664865987949
-3501264472243268641,0.0681487637648
-8127132261926123869,0.0689798462497
8347571512035073471,0.0698109287347
-5097334503664672509,0.0706420112196
-7842241510165621037,0.0706420112196
2294637586238078931,0.0731352586744
-340576271856356297,0.0739663411594
3700142991305054611,0.0739663411594
2116980861356672767,0.0747974236443
-4813251894923932757,0.0747974236443
-6568033124550392857,0.0747974236443
-503049001066434233,0.0756285061292
-1994700134910252645,0.0764595886142
5657638205327533951,0.0764595886142
-5873590222359078117,0.0764595886142
7774462473376350399,0.0764595886142
2396499187178686315,0.0772906710991
-328999413866953289,0.0772906710991
-7002253287042891881,0.0772906710991
7633741554718351983,0.0772906710991
5769176021960776079,0.078121753584
-2383284135346548243,0.078952836069
-7445986485654520393,0.078952836069
-4555442526133245183,0.0797839185539
-7444826321234852517,0.0797839185539
1609920010407631671,0.0806150010389
-2506707783615349901,0.0806150010389
-8908488185816605777,0.0806150010389
2267432100777734551,0.0814460835238
-9077958358910878413,0.0831082484937
7283438097509461027,0.0839393309786
4795932398787357527,0.0847704134635
-8056897584570403745,0.0847704134635
1838986189378571307,0.0856014959485
3267911421991407979,0.0856014959485
-7334359104985334947,0.0864325784334
7844185332388404039,0.0864325784334
4721389562048838079,0.0872636609183
5768874688490224083,0.0880947434033
-6962511640937014801,0.0880947434033
-2224779538495815751,0.0889258258882
3569949396183879127,0.0889258258882
-6935329851205002275,0.0889258258882
2710164216291524419,0.0897569083732
-3466649602560276717,0.0897569083732
7264635004724949575,0.0897569083732
306598869772111251,0.0905879908581
-571275991269025545,0.0905879908581
5794887451571384463,0.0905879908581
4196073308027393455,0.091419073343
-5945801043178519809,0.091419073343
-2243024730161794857,0.092250155828
4594016262859637085,0.092250155828
-5569906402139753279,0.092250155828
7504335883340756971,0.092250155828
-6177014146632897593,0.0930812383129
8853125228015727429,0.0930812383129
174533854835184583,0.0939123207978
-4113217447977652125,0.0939123207978
3688603302423242039,0.0947434032828
9129595057609171747,0.0947434032828
6693599901623069759,0.0955744857677
-7009377390680661821,0.0955744857677
-194753428907129433,0.0964055682526
7273295049731856343,0.0972366507376
9075873347053799419,0.0972366507376
-3669053063048429889,0.0988988157075
8662091295001988051,0.0988988157075
3681593775429094013,0.0997298981924
9057389330711822233,0.100560980677
4181192254117513747,0.101392063162
-8268403088523841205,0.101392063162
-574388334470403731,0.102223145647
1991420045478358407,0.103054228132
-3753745733911048881,0.104716393102
-4274836234056652735,0.104716393102
-5962322951115092855,0.104716393102
5168332074936877955,0.105547475587
3224635552473502933,0.106378558072
-2336110845397453613,0.107209640557
4199266941560750021,0.108040723042
-7383786823877793933,0.108040723042
1554846695506145151,0.108871805527
-2779993541216211257,0.108871805527
-6122183689574460113,0.108871805527
-7033812076793093841,0.109702888012
-8419743206928783949,0.110533970497
9195952416526335263,0.111365052982
-3098151655448063867,0.113027217951
-5483023782139480393,0.113027217951
5857058073182025407,0.113027217951
3336927479439003379,0.115520465406
-7960236704851156105,0.115520465406
4241210923734859345,0.116351547891
5141879640316866639,0.116351547891
-6217065881183071475,0.116351547891
3754240314244995023,0.119675877831
-3839512206183447009,0.119675877831
2737177820807723471,0.121338042801
972654226018464969,0.123000207771
5798869325284221073,0.123831290256
-6647185841717712029,0.123831290256
-5799417152419029509,0.12466237274
2865349800188066579,0.125493455225
-3931116193953927977,0.125493455225
-2700734990969504525,0.12632453771
3984843679828679047,0.12632453771
-4464723131046344729,0.12632453771
-3341864311235134053,0.127155620195
-2224473190493938509,0.12964886765
-825605801373620249,0.13131103262
-2346937270163079585,0.132142115105
-1442416312388872333,0.133804280075
-6081460657648651153,0.13463536256
-6066347417627649069,0.137959692499
2054157677090704225,0.138790774984
-4042825301812760835,0.138790774984
-2708603438077571287,0.139621857469
-6341542565568122639,0.139621857469
-647162062727198779,0.139621857469
690627239790623631,0.139621857469
-3025686649526376109,0.140452939954
3254168289682125011,0.141284022439
4949490748498840691,0.141284022439
7268392441127890663,0.141284022439
-2291376239578676013,0.142946187409
-2378257679886946085,0.142946187409
-8125989049896310121,0.143777269894
6230819687205635179,0.145439434864
-7883246442159867931,0.145439434864
4660873579999360623,0.146270517349
-1331438138389589569,0.147101599834
2132458211961304329,0.147101599834
3618336850642240507,0.147101599834
391057645280711829,0.149594847289
-1059446735651333741,0.150425929774
-4015152259331783011,0.150425929774
-4821534548982177369,0.150425929774
-224930710256020865,0.152919177228
-2121805090545450681,0.153750259713
-6836071898683336601,0.153750259713
7879483884156588471,0.157905672138
8340291719543352165,0.157905672138
1098658417721117029,0.160398919593
-7099607660546707957,0.161230002078
-938030846939372217,0.161230002078
-298930306642039171,0.162061084563
6498437600504368023,0.162061084563
7402762225316078727,0.162892167048
-7981733864159693141,0.162892167048
8408174466357718909,0.162892167048
-1001715681860578365,0.163723249533
5437563291129664891,0.164554332017
-5571270527041432347,0.164554332017
-1409378229769168303,0.165385414502
-8458560960337014517,0.166216496987
5924784443738114779,0.167047579472
-2659228469947712125,0.167878661957
-6537365122742221981,0.168709744442
7235755900208984507,0.168709744442
2651132513564216337,0.169540826927
-5493587295650835445,0.171202991897
-2055261024842279781,0.172034074382
-7219069687337176277,0.172034074382
-2031325007156093495,0.174527321837
-2234829232823422969,0.175358404322
-3607297947960383891,0.175358404322
2135578564342152389,0.176189486807
-1701646455387899837,0.177020569292
-5569528191455735661,0.177020569292
-5931270350125989095,0.179513816746
6924738599739976619,0.181175981716
7988704663423377863,0.181175981716
-8976378038113298397,0.182007064201
-6959797874341914429,0.182838146686
-78406001616122873,0.182838146686
2144772196212139,0.183669229171
2348658887872391863,0.183669229171
-1761500473804644041,0.185331394141
-7964414160807724917,0.186993559111
-622890439765537909,0.187824641596
-4779738483393432741,0.188655724081
5637251696761649103,0.188655724081
-7150155203466331665,0.188655724081
2106203917172341823,0.189486806566
-5747290438078533929,0.189486806566
-4996695102219667297,0.19031788905
-7400850273417284669,0.19031788905
8251869749985269311,0.19031788905
-8952849577776898347,0.19031788905
-1056558791802228057,0.191148971535
3916920388835656645,0.191148971535
4389283084479168807,0.19198005402
-1472788795592086201,0.192811136505
-2544405543188522983,0.192811136505
5760121483949526707,0.192811136505
7720253085318602025,0.19530438396
-2882064066137369409,0.196135466445
-8351563142250881317,0.197797631415
-2830551055657273477,0.1986287139
-4797300600735849469,0.1986287139
5980844855267341991,0.1986287139
-6523062535767893865,0.1986287139
-4968929043899149299,0.20029087887
-3188480551047257741,0.201121961355
-6764662128150350817,0.201121961355
-414083561097964797,0.20195304384
-8973169978974824977,0.20195304384
1957344592796901439,0.202784126325
-6254225279544545937,0.202784126325
6537706924891327917,0.202784126325
-6649720134092666263,0.203615208809
6485817147049395433,0.204446291294
8873250490588834161,0.204446291294
-2628049387067167785,0.206939538749
-2843924449814592665,0.206939538749
-3272992432945031593,0.207770621234
-3700996622084227275,0.208601703719
676759993843957339,0.208601703719
-3318387128027172989,0.211094951174
7305806156527035487,0.211926033659
-2945066361525976405,0.212757116144
7847199391895235819,0.212757116144
-797059390814300693,0.213588198629
8480036620164532527,0.214419281114
5820921145369279751,0.216912528568
4749216465940107747,0.217743611053
-4984194688635174473,0.217743611053
-9195209944561704977,0.218574693538
-1756400859312633849,0.220236858508
7867686451682882583,0.221067940993
4073332214850947775,0.223561188448
-5958737890634011629,0.225223353418
-3259531096490597867,0.226054435903
-5083539865475954929,0.226885518388
-5801992517097966495,0.226885518388
-7088989865208208653,0.227716600873
1314534357313533155,0.229378765843
-6409556430371592097,0.229378765843
-1796860872527223419,0.230209848327
-5878020884363930781,0.231040930812
2818592816187809943,0.231872013297
6024350611974675869,0.232703095782
7248868607345654631,0.232703095782
-1464032521389876139,0.233534178267
-1767860160110201475,0.233534178267
4211067620937738651,0.233534178267
238030269405504579,0.235196343237
7593939741022866445,0.235196343237
6734367319877027799,0.236858508207
-8187454732883181669,0.238520673177
8864105375331605227,0.239351755662
7519468705152154207,0.241013920632
4312487875589868821,0.243507168086
-6518309878456513971,0.245169333056
-5963411564781916225,0.246000415541
-2388817697220406977,0.246831498026
-8170963101911103005,0.246831498026
8672526381997302747,0.246831498026
7386485907736063535,0.247662580511
-4558309887135111005,0.248493662996
-382409339482081103,0.251817992936
1175549391834618323,0.252649075421
4128526027591454225,0.253480157906
8819494289808705231,0.253480157906
6195837111206121059,0.25597340536
-3693568116068979417,0.256804487845
7923026329715003303,0.256804487845
7467335539475731107,0.261790982755
-1295385715789785269,0.263453147725
-2823220674305324077,0.263453147725
5377714483621858829,0.263453147725
-793364454635323209,0.263453147725
7951855625975868485,0.263453147725
-2189939823274509421,0.26428423021
4428826005917022129,0.26428423021
5911645191972952789,0.26428423021
3742461433648082147,0.26760856015
-2172097701477549161,0.269270725119
-7576823610120004391,0.269270725119
-5365542490186333045,0.271763972574
9070024798613487087,0.271763972574
6744755043088200611,0.277581549969
-3186128225237604167,0.279243714939
7108347542937026049,0.279243714939
-5014182385540608509,0.280074797424
7569143549793186575,0.280905879909
-8747392275161436617,0.283399127363
1142578749682903279,0.284230209848
2177830734591519523,0.285061292333
2266435596853701803,0.289216704758
2770786567888464583,0.289216704758
-858434282386814081,0.290047787243
8628170918762584555,0.290878869728
947453822447225477,0.290878869728
9209283833684251721,0.292541034698
-6477786400171450361,0.294203199668
7332434544060929341,0.294203199668
1498254972626783443,0.295865364637
-1506733151552952077,0.298358612092
2855422143173463779,0.299189694577
-1176678312895924793,0.300851859547
-1032669786755676353,0.303345107002
4379825717897857583,0.303345107002
-4528124704711103313,0.305007271972
-8080319895783607115,0.305838354457
-5854812679305224245,0.306669436942
-238468381028953855,0.307500519427
8292060390159081721,0.312487014336
-3561113932451515821,0.314980261791
-1086634677525316721,0.315811344276
-2881593079208388401,0.316642426761
7913525613752876135,0.316642426761
1942457549650443435,0.317473509246
485771881920907611,0.318304591731
-2570980377732024929,0.319135674216
-3584603665688818833,0.319135674216
-5414664532305478585,0.319135674216
3620314020837502331,0.319966756701
3745505176678302501,0.320797839186
8845900781675403943,0.322460004155
-1178106220558975409,0.32661541658
4356412262272732967,0.32661541658
6285472952688747039,0.327446499065
-1498742029692370013,0.32993974652
3288349782797569381,0.330770829005
7086245898261506355,0.33326407646
-3905397763349715645,0.334095158945
-5327343859218909553,0.334926241429
5664072261719037013,0.336588406399
-7479080170896110407,0.339081653854
-8166619931056259307,0.339081653854
1035326727017226847,0.339912736339
5499865827628229191,0.341574901309
4601262454513171081,0.342405983794
6398688968224137997,0.343237066279
968847540722947743,0.344899231249
-1588954701072162197,0.345730313734
4376634978432873059,0.345730313734
2701038388167566339,0.346561396219
-3665219770362819345,0.346561396219
4447365589637111171,0.346561396219
826521301650598683,0.347392478704
2974108936423624211,0.349054643673
-1165120739662467545,0.349885726158
8159586213353901307,0.352378973613
-8364087140056590007,0.352378973613
7105984355005722603,0.354041138583
4639203916021682943,0.355703303553
-8088347391704172597,0.355703303553
1016481350109624025,0.356534386038
-7179990762549472693,0.358196551008
-9084438917108809825,0.358196551008
-673001245625934029,0.361520880947
3527259931778089485,0.362351963432
7007875375316500235,0.362351963432
6135635371538207845,0.365676293372
8725069042073792591,0.365676293372
-3403495471797043903,0.369831705797
-6653304224721618449,0.369831705797
8491240908399485355,0.371493870767
8530041928574572857,0.371493870767
-9164918958331211579,0.373156035737
9029816341377356551,0.373987118221
-7151958320230551205,0.375649283191
-7711549068042742861,0.376480365676
-2764009760688280273,0.379804695616
-5255686666996436313,0.382297943071
-23970452530721585,0.384791190526
-4475783322000009257,0.384791190526
4922615778962482815,0.384791190526
6694560119865461739,0.38894660295
-8741223625728197469,0.38894660295
-5756599577715036749,0.393102015375
-1675817282977263385,0.39393309786
2070045391435294953,0.394764180345
-2989824055348097045,0.39891959277
-2139769366821540455,0.403075005194
8610895316538108095,0.403906087679
9087103221089002643,0.404737170164
-1478848612528665325,0.406399335134
-6011405803251633979,0.407230417619
-4757940242839971615,0.408061500104
-4478529776089484201,0.409723665074
-7027822429756726905,0.413047995014
-2090996704370037981,0.413879077498
-6782982516888352309,0.416372324953
6802775830446039867,0.420527737378
8837816187931721847,0.420527737378
767413731990199159,0.426345314772
2542408747840994147,0.430500727197
5058916799393841687,0.432162892167
-7668934350333995885,0.432162892167
8873613248449413111,0.432993974652
-6123927239055154455,0.433825057137
7408548538063173407,0.436318304592
4558742142341272595,0.437149387077
-4893873467327915171,0.438811552047
-7059505050156613473,0.438811552047
-2669619195067151737,0.439642634531
341422798889014751,0.441304799501
5697740041344085457,0.445460211926
-2714330909647620635,0.447122376896
-6615380326021211425,0.447953459381
7720781210703829651,0.448784541866
-1631698201876970577,0.451277789321
-3541624577458871705,0.45293995429
-6826357897205848301,0.453771036775
5341457028167342429,0.460419696655
-5700229608766384517,0.460419696655
-2488689102520128565,0.463744026595
463251059077237851,0.46457510908
1541267842838352499,0.466237274049
-8432855399561793577,0.467068356534
-3193811838531141423,0.468730521504
9183569814102282223,0.472885933929
-973919194278125869,0.473717016414
-1784330627634430541,0.474548098899
-109204268615734873,0.477041346354
-2318632387020372105,0.477041346354
-1967380701585894647,0.478703511323
7149642955868793473,0.478703511323
1027583428837321219,0.482858923748
3040742072476224961,0.482858923748
-3122961089314409881,0.484521088718
1214951252060253715,0.490338666113
-1543260643889497425,0.493662996052
-5303261939710999933,0.496156243507
-8640866648899195157,0.498649490962
-5013663093023094825,0.501973820902
-5851716147771086525,0.501973820902
-6214305099481045303,0.501973820902
-658337106568915249,0.506129233326
-8856220246185301479,0.507791398296
-4366368787813970237,0.508622480781
3949408312345945025,0.509453563266
-4980027896235757789,0.512777893206
-1414049604786138197,0.519426553085
3249914518771983251,0.52025763557
-8568732972289315903,0.52191980054
1431364884144144103,0.52358196551
4898627566655134015,0.52524413048
-7399462364376430475,0.52856846042
-18948226568313457,0.53023062539
-3557015035245925865,0.53023062539
8761287581291339627,0.531061707875
8914949561969210791,0.531061707875
-8742872696120992797,0.534386037814
3489549924949207839,0.538541450239
6119965581816482873,0.538541450239
-690695828854966445,0.541034697694
-7180048872138838303,0.546021192603
7885803102507884577,0.546021192603
-2418132697574053673,0.547683357573
1140420612492407313,0.548514440058
-8047434698121737725,0.551007687513
27242011602132827,0.552669852483
5333175309516501111,0.554332017453
8390253347778532903,0.559318512362
-3059419071355807109,0.562642842302
-2754728288537595549,0.572615832121
3059166607655126575,0.573446914606
2464335152082666897,0.574277997091
-8195524654589660761,0.579264492001
-5757866473111454909,0.59256181176
-4682539218501397453,0.593392894245
8511940115800005297,0.600041554124
1051578233163498435,0.602534801579
-858877771803753331,0.612507791398
-2214023542712169721,0.613338873883
-539769300799714909,0.618325368793
-8639209641166831437,0.619156451278
-8799845399945928057,0.619987533763
-7918907957709602193,0.629960523582
-6480568611700929889,0.632453771037
-1656013861710136953,0.640764595886
-1816164086580867543,0.644088925826
6527519786920971395,0.649075420736
444005608916122147,0.65156866819
9032699723514086969,0.654061915645
-1736270342964882245,0.659048410555
2164384666269025751,0.660710575525
8149903849058942745,0.671514647829
-1343902712107414181,0.673176812799
-6019600205139912729,0.678163307708
-6653832685558981737,0.678163307708
710888610848933747,0.678163307708
6314542035863507671,0.682318720133
4276224082423181559,0.689798462497
990904512148099219,0.691460627467
4310103058366324443,0.692291709952
3234492251559421857,0.693953874922
-1141043337789610117,0.703926864741
7264223287463438149,0.712237689591
-1397364319370723833,0.713899854561
6663220750164289419,0.714730937046
4794299754757158903,0.71556201953
221198150960218889,0.721379596925
1411247516436924223,0.72221067941
-3422956392041669729,0.733014751714
-2795832544358014669,0.734676916684
7916482659857224359,0.738001246624
-7581368007053858343,0.740494494079
8002663201793022321,0.747974236443
8347722739475473089,0.750467483898
-4533298191216735977,0.751298566383
-7446963053336319563,0.752129648868
2137382538199675407,0.752960731353
4687952834430935111,0.757116143777
5314667213130679841,0.768751298566
5897527158408914847,0.768751298566
2351985219210514775,0.778724288386
2146693959917016257,0.78287970081
-2347379470345870015,0.79285269063
7310097834275818821,0.812798670268
5800607122872455347,0.813629752753
1867868584874686235,0.821940577602
172868726431856763,0.826095990027
7110859094724255467,0.827758154997
939279925374188343,0.836068979846
-1808257759318072941,0.837731144816
7719066321777995627,0.851028464575
-996052850327550937,0.85850820694
-732796747685867021,0.860170371909
6470891788319873331,0.862663619364
-945770275683127821,0.885102846458
-6211053877832780297,0.886765011427
-8175794256126747669,0.892582588822
-5832552258819232989,0.906710991066
-4419699712594213973,0.909204238521
-7950250075878268269,0.916683980885
-3136786002501609017,0.923332640765
-85292856343897665,0.92416372325
5423982885469236315,0.926656970704
7795138014277202863,0.930812383129
3339539687874370279,0.936629960524
4680113737367723921,0.937461043009
-7880816879555071075,0.952420527737
5545808918165846507,0.956575940162
-6356610120759153725,0.963224600042
8622783021608980995,0.974859754831
8622081858837413831,0.97818408477
-8074587461999259391,0.97984624974
-4566258479426565893,0.988988157075
5311332494413115477,0.988988157075
2630224722658343751,0.98981923956
151467544237476035,0.992312487014
-4162539475660138117,1.0
-3541908573582626761,1.0
-1370454813454764521,1.0
8650050478588360375,1.0
-2747962790275463847,1.0
225442687151313595,1.0
6581201415847811223,1.0
-7476684506347006689,1.0
-1843940659973218851,1.0
-8127580205824439321,1.0
-2252123563056576803,1.0
-6847657351405354617,1.0
-304601087665306731,1.0
4936868219300984647,1.0
-4369209186747172513,1.0
2100109286811902115,1.0
1244840843434056831,1.0
5387340004605962917,1.0
-632112808411855913,1.0
-149989628072339977,1.0
894175005745719255,1.0
-7823966406330472873,1.0
-5476618318330403419,1.0
8887448389501147133,1.0
5772359113678627871,1.0
861307982693465343,1.0
3532524433931049575,1.0
-447262496998677049,1.0
8949317701248320219,1.0
-6258236546331301655,1.0
-7235759320515041707,1.0
-2458043700039120073,1.0
-2636976215474169711,1.0
5214110664429018995,1.0
6260314216359841215,1.0
8890326217915670087,1.0
3628039033459672679,1.0
4664709750041902023,1.0
-3790189643901948495,1.0
-6306053349347612821,1.0
329711379293382035,1.0
-624449339748860415,1.0
5732212761568358315,1.0
-427771571573331585,1.0
2837955302256513851,1.0
-6900267855720317189,1.0
-885159869170010187,1.0
-1297627361705755189,1.0
6360606073874941599,1.0
7374745637866236271,1.0
-6854679312894298867,1.0
3834776751693430069,1.0
-8535823525059948413,1.0
8393220616651413271,1.0
-7985721906146581617,1.0
-6433603906595265281,1.0
-3119048470145123191,1.0
-5327471277975722523,1.0
8692108295956644845,1.0
1820137334338048617,1.0
-8385852833401398067,1.0
-417527712207776877,1.0
-5176078910871406265,1.0
8851394046529841223,1.0
-4959739203573668493,1.0
5682070817617030239,1.0
-3767041185738483901,1.0
-7526644742279187571,1.0
-6408941110268116721,1.0
7995863693106437687,1.0
3851663166247601983,1.0
8258181393037226331,1.0
-5945516227690438481,1.0
6790375887576350655,1.0
8599754207183567627,1.0
-7238394664331719209,1.0
9211610066823199047,1.0
7276902838287630379,1.0
-3829900532284486707,1.0
-7548620409216467497,1.0
-7994420641407581993,1.0
-8029875674051901993,1.0
-818095743421438535,1.0
4010185481155475087,1.0
260012301744219973,1.0
710203151364569887,1.0
-8964805488632447931,1.0
3952875937242617029,1.0
616329888599911591,1.0
